title,author,link,cover_image_url
The G.I.'s: the Americans in Britain 1942-1945,byNorman Longmate,https://openlibrary.org/books/OL4936846M/The_G.I.'s,//covers.openlibrary.org/b/id/8238464-M.jpg
The doodlebugs: the story of the flying-bombs,byNorman Longmate,https://openlibrary.org/books/OL3849665M/The_doodlebugs,//covers.openlibrary.org/b/id/4333180-M.jpg
The workhouse,byNorman Longmate,https://openlibrary.org/books/OL5113961M/The_workhouse,//covers.openlibrary.org/b/id/4477023-M.jpg
The real Dad's Army: the story of the Home Guard,byNorman Longmate,https://openlibrary.org/books/OL28277448M/The_real_Dad's_Army,//covers.openlibrary.org/b/id/10204033-M.jpg
Writing for the BBC: a guide for professional and part-time freelance writers on possible markets for their work within the British Broadcasting Corporation,byNorman Longmate,https://openlibrary.org/books/OL1574459M/Writing_for_the_BBC,//covers.openlibrary.org/b/id/10195160-M.jpg
Defending the island: from Caesar to the Armada,byNorman Longmate,https://openlibrary.org/books/OL1634029M/Defending_the_island,//covers.openlibrary.org/b/id/12786024-M.jpg
Island Fortress,byNorman Longmate,https://openlibrary.org/books/OL7794545M/Island_Fortress,//covers.openlibrary.org/b/id/450608-M.jpg
The waterdrinkers: a history of temperance.,byNorman Longmate,https://openlibrary.org/books/OL4024850M/The_waterdrinkers,//covers.openlibrary.org/b/id/8129954-M.jpg
"When we won the war: the story of victory in Europe, 1945",byNorman Longmate,https://openlibrary.org/books/OL4606321M/When_we_won_the_war,//covers.openlibrary.org/b/id/8369231-M.jpg
"The Home front: an anthology of personal experience, 1938-1945",byNorman Longmate,https://openlibrary.org/books/OL3838780M/The_Home_front,//covers.openlibrary.org/b/id/8490201-M.jpg
"Something rich and strange: the story of South Africa's treasures, famous and unknown, sunken and buried, and some personal experiences in the search for lost hoards",byLawrence George Green,https://openlibrary.org/books/OL35606515M/Something_rich_and_strange,//covers.openlibrary.org/b/id/12313048-M.jpg
"These wonders to behold: experiences and discoveries of the author in search of the grain of truth in Africa's strangest tales; and views on certain deep mysteries of Africa, solved and unsolved or never to be solved.",byLawrence George Green,https://openlibrary.org/books/OL5808210M/These_wonders_to_behold,//covers.openlibrary.org/b/id/7015008-M.jpg
Bonny Pit Laddie,byFrederick Grice,https://openlibrary.org/books/OL7353132M/Bonny_Pit_Laddie,//covers.openlibrary.org/b/id/12665350-M.jpg
Bill Thompson's pigeon,byFrederick Grice,https://openlibrary.org/books/OL24775953M/Bill_Thompson's_pigeon,//covers.openlibrary.org/b/id/6829895-M.jpg
Jimmy Lane and his boat,byFrederick Grice,https://openlibrary.org/books/OL14961998M/Jimmy_Lane_and_his_boat,//covers.openlibrary.org/b/id/12313717-M.jpg
Water Break Its Neck,byFrederick Grice,https://openlibrary.org/books/OL10126788M/Water_Break_Its_Neck,//covers.openlibrary.org/b/id/12646915-M.jpg
Out of the mines: the story of a pit boy,byFrederick Grice,https://openlibrary.org/books/OL24765310M/Out_of_the_mines,//covers.openlibrary.org/b/id/6819157-M.jpg
Francis Kilvert and his world,byFrederick Grice,https://openlibrary.org/books/OL3241546M/Francis_Kilvert_and_his_world,//covers.openlibrary.org/b/id/9467848-M.jpg
The Technique of the Love Affair,byDoris Langley Moore,https://openlibrary.org/books/OL8103460M/The_Technique_of_the_Love_Affair,//covers.openlibrary.org/b/id/538823-M.jpg
The Late lord Byron. Posthumous dramas....,byDoris Langley Moore,https://openlibrary.org/books/OL24600759M/The_Late_lord_Byron._Posthumous_dramas....,//covers.openlibrary.org/b/id/6936636-M.jpg
The multimillionaires: six studies in wealth.,byGoronwy Rees,https://openlibrary.org/books/OL5822300M/The_multimillionaires,//covers.openlibrary.org/b/id/11012162-M.jpg
A chapter of accidents.,byGoronwy Rees,https://openlibrary.org/books/OL5340759M/A_chapter_of_accidents.,//covers.openlibrary.org/b/id/9912262-M.jpg
Christ and time: the primitive Christian conception of time and history.,byOscar Cullmann,https://openlibrary.org/books/OL6068704M/Christ_and_time,//covers.openlibrary.org/b/id/10983082-M.jpg
Early Christian worship.,byOscar Cullmann,https://openlibrary.org/books/OL6149462M/Early_Christian_worship.,//covers.openlibrary.org/b/id/10714390-M.jpg
The state in the New Testament.,byOscar Cullmann,https://openlibrary.org/books/OL6198589M/The_state_in_the_New_Testament.,//covers.openlibrary.org/b/id/6914654-M.jpg
"Peter; disciple, apostle, martyr: a historical and theological essay.",byOscar Cullmann,https://openlibrary.org/books/OL6251024M/Peter_disciple_apostle_martyr,//covers.openlibrary.org/b/id/6643440-M.jpg
The early church.,byOscar Cullmann,https://openlibrary.org/books/OL6215625M/The_early_church.,//covers.openlibrary.org/b/id/11034064-M.jpg
Baptism in the New Testament,byOscar Cullmann,https://openlibrary.org/books/OL28407627M/Baptism_in_the_New_Testament,//covers.openlibrary.org/b/id/10975647-M.jpg
Early Christian worship,byOscar Cullmann,https://openlibrary.org/books/OL32095208M/Early_Christian_worship,//covers.openlibrary.org/b/id/10750564-M.jpg
The earliest Christian confessions.,byOscar Cullmann,https://openlibrary.org/books/OL6143960M/The_earliest_Christian_confessions.,//covers.openlibrary.org/b/id/10680592-M.jpg
"Immortality of the soul: or, Resurrection of the dead? The witness of the New Testament.",byOscar Cullmann,https://openlibrary.org/books/OL5628115M/Immortality_of_the_soul,//covers.openlibrary.org/b/id/10981136-M.jpg
"Unity through diversity: its foundation, and a contribution to the discussion concerning the possibilities of its actualization",byOscar Cullmann,https://openlibrary.org/books/OL2391837M/Unity_through_diversity,//covers.openlibrary.org/b/id/4121940-M.jpg
Vatican Council II; the new direction.: Essays,byOscar Cullmann,https://openlibrary.org/books/OL5604910M/Vatican_Council_II_the_new_direction.,//covers.openlibrary.org/b/id/7298875-M.jpg
Message to Catholics and Protestants.,byOscar Cullmann,https://openlibrary.org/books/OL5776170M/Message_to_Catholics_and_Protestants.,//covers.openlibrary.org/b/id/10697965-M.jpg
Essays on the Lord's Supper,byOscar CullmannandFranz J. Leenhardt,https://openlibrary.org/books/OL6247906M/Essays_on_the_Lord's_Supper,//covers.openlibrary.org/b/id/10978582-M.jpg
"Constantinople: city of the world's desire, 1453-1924",byPhilip Mansel,https://openlibrary.org/books/OL982307M/Constantinople,//covers.openlibrary.org/b/id/173862-M.jpg
"The court of France, 1789-1830",byPhilip Mansel,https://openlibrary.org/books/OL2529587M/The_court_of_France_1789-1830,//covers.openlibrary.org/b/id/12695401-M.jpg
Louis XVIII,byPhilip Mansel,https://openlibrary.org/books/OL13570501M/Louis_XVIII,//covers.openlibrary.org/b/id/494447-M.jpg
"Pillars of monarchy: an outline of the political and social history of royal guards, 1400-1984",byPhilip Mansel,https://openlibrary.org/books/OL2928876M/Pillars_of_monarchy,//covers.openlibrary.org/b/id/4661852-M.jpg
Thomas Cromwell: the untold story of Henry VIII's most faithful servant,byTracy Borman,https://openlibrary.org/books/OL32371513M/Thomas_Cromwell,//covers.openlibrary.org/b/id/11026488-M.jpg
The private lives of the Tudors: uncovering the secrets of Britain's greatest dynasty,byTracy Borman,https://openlibrary.org/books/OL39223855M/The_private_lives_of_the_Tudors,//covers.openlibrary.org/b/id/12859293-M.jpg
"Henrietta Howard: king's mistress, queen's servant",byTracy Borman,https://openlibrary.org/books/OL32104673M/Henrietta_Howard,//covers.openlibrary.org/b/id/10761877-M.jpg
The Ring and the Crown: A History of Royal Weddings 1066–2011,"byAlison Weir,Kate Williams,Sarah Gristwood, andTracy Borman",https://openlibrary.org/books/OL26708068M/The_Ring_and_the_Crown_A_History_of_Royal_Weddings_1066–2011,//covers.openlibrary.org/b/id/8369537-M.jpg
SAS Shadow Warriors of the 21st Century,byBarry Davies,https://openlibrary.org/books/OL12305421M/SAS_Shadow_Warriors_of_the_21st_Century,//covers.openlibrary.org/b/id/12652950-M.jpg
Fire magic: hijack to Mogadishu,byBarry Davies,https://openlibrary.org/books/OL20728068M/Fire_magic,//covers.openlibrary.org/b/id/12312727-M.jpg
The SAS self-defense handbook,byBarry Davies,https://openlibrary.org/books/OL24839346M/The_SAS_self-defense_handbook,//covers.openlibrary.org/b/id/12892244-M.jpg
SAS essential survival,byBarry Davies,https://openlibrary.org/books/OL3761053M/SAS_essential_survival,//covers.openlibrary.org/b/id/1408527-M.jpg
Operation Royal Blood,byBarry Davies,https://openlibrary.org/books/OL9635238M/Operation_Royal_Blood,//covers.openlibrary.org/b/id/2108021-M.jpg
Are You Tough Enough?,byBarry Davies,https://openlibrary.org/books/OL7981280M/Are_You_Tough_Enough,//covers.openlibrary.org/b/id/497325-M.jpg
SAS rescue,byBarry Davies,https://openlibrary.org/books/OL106983M/SAS_rescue,//covers.openlibrary.org/b/id/2350915-M.jpg
Heroes of the SAS,byBarry Davies,https://openlibrary.org/books/OL24971356M/Heroes_of_the_SAS,//covers.openlibrary.org/b/id/6886669-M.jpg
SAS: the Illustrated History,byBarry Davies BEM,https://openlibrary.org/books/OL9793437M/SAS,//covers.openlibrary.org/b/id/6691611-M.jpg
This was trucking: a pictorial history of the first quarter century of commercial motor vehicles,byRobert F. Karolevitz,https://openlibrary.org/books/OL5993976M/This_was_trucking,//covers.openlibrary.org/b/id/6649625-M.jpg
Doctors of the Old West: a pictorial history of medicine on the frontier,byRobert F. Karolevitz,https://openlibrary.org/books/OL5542335M/Doctors_of_the_Old_West,//covers.openlibrary.org/b/id/6649132-M.jpg
"Where your heart is: the story of Harvey Dunn, artist",byRobert F. Karolevitz,https://openlibrary.org/books/OL4767346M/Where_your_heart_is,//covers.openlibrary.org/b/id/10810112-M.jpg
Challenge: the South Dakota story,byRobert F. Karolevitz,https://openlibrary.org/books/OL5193808M/Challenge,//covers.openlibrary.org/b/id/8285306-M.jpg
CURIOUS LIFE OF ROBERT HOOKE: THE MAN WHO MEASURED LONDON.,byLisa JardineandLISA JARDINE,https://openlibrary.org/books/OL22545839M/CURIOUS_LIFE_OF_ROBERT_HOOKE_THE_MAN_WHO_MEASURED_LONDON.,//covers.openlibrary.org/b/id/11469140-M.jpg
On a grander scale: the outstanding life of Sir Christopher Wren,byLisa Jardine,https://openlibrary.org/books/OL17077896M/On_a_grander_scale,//covers.openlibrary.org/b/id/6687661-M.jpg
The awful end of Prince William the Silent: the first assassination of a head of state with a handgun,byLisa Jardine,https://openlibrary.org/books/OL3428166M/The_awful_end_of_Prince_William_the_Silent,//covers.openlibrary.org/b/id/37660-M.jpg
Worldly goods: a new history of the Renaissance,byLisa Jardine,https://openlibrary.org/books/OL971895M/Worldly_goods,//covers.openlibrary.org/b/id/240866-M.jpg
Ingenious Pursuits,byLisa Jardine,https://openlibrary.org/books/OL9621132M/Ingenious_Pursuits,//covers.openlibrary.org/b/id/213085-M.jpg
Global interests: Renaissance art between East and West,byLisa JardineandJerry Brotton,https://openlibrary.org/books/OL6780036M/Global_interests,//covers.openlibrary.org/b/id/564439-M.jpg
Temptation in the Archives,byLisa Jardine,https://openlibrary.org/books/OL25728110M/Temptation_in_the_Archives,//covers.openlibrary.org/b/id/7356153-M.jpg
Another Point Of View,byLisa Jardine,https://openlibrary.org/books/OL26038779M/Another_Point_Of_View,//covers.openlibrary.org/b/id/7610487-M.jpg
Old men remember,byWilliam Douglas Home,https://openlibrary.org/books/OL1457365M/Old_men_remember,//covers.openlibrary.org/b/id/3951291-M.jpg
"Orde Wingate, a biography.",byChristopher Sykes,https://openlibrary.org/books/OL6273767M/Orde_Wingate_a_biography.,//covers.openlibrary.org/b/id/10653929-M.jpg
Answer to question 33.,byChristopher Sykes,https://openlibrary.org/books/OL6037422M/Answer_to_question_33.,//covers.openlibrary.org/b/id/6903531-M.jpg
Two studies in virtue.,byChristopher Sykes,https://openlibrary.org/books/OL6133971M/Two_studies_in_virtue.,//covers.openlibrary.org/b/id/10704214-M.jpg
Tormented loyalty: the story of a German aristocrat who defied Hitler.,byChristopher Sykes,https://openlibrary.org/books/OL5683673M/Tormented_loyalty,//covers.openlibrary.org/b/id/6570423-M.jpg
Henry VIII and his court.,byNeville Williams,https://openlibrary.org/books/OL20028342M/Henry_VIII_and_his_court.,//covers.openlibrary.org/b/id/11643471-M.jpg
Royal homes of the United Kingdom,byNeville Williams,https://openlibrary.org/books/OL17274779M/Royal_homes_of_the_United_Kingdom,//covers.openlibrary.org/b/id/8177472-M.jpg
"Chronology of the expanding world, 1492 to 1762",byNeville Williams,https://openlibrary.org/books/OL22587507M/Chronology_of_the_expanding_world_1492_to_1762,//covers.openlibrary.org/b/id/9661198-M.jpg
Hedaya or guide: a commentary on the Mussulman laws,byCharles Hamilton,https://openlibrary.org/books/OL28380650M/Hedaya_or_guide,//covers.openlibrary.org/b/id/11038162-M.jpg
"Sincerely yours: the famous & infamous as they wanted to be seen, in autographed photographs from the collection of M. Wesley Marans",byCharles Hamilton,https://openlibrary.org/books/OL3172640M/Sincerely_yours,//covers.openlibrary.org/b/id/11714072-M.jpg
Brazilian adventure,byPeter Fleming,https://openlibrary.org/books/OL3496971M/Brazilian_adventure,//covers.openlibrary.org/b/id/9911584-M.jpg
News from Tartary: A Journey from Peking to Kashmir,byPeter Fleming,https://openlibrary.org/books/OL3486308M/News_from_Tartary,//covers.openlibrary.org/b/id/8782833-M.jpg
The siege at Peking,byPeter Fleming,https://openlibrary.org/books/OL19604949M/The_siege_at_Peking,//covers.openlibrary.org/b/id/11713567-M.jpg
One's company: a journey to China in 1933,byPeter Fleming,https://openlibrary.org/books/OL22719148M/One's_company,//covers.openlibrary.org/b/id/12163773-M.jpg
The fate of Admiral Kolchak.,byPeter Fleming,https://openlibrary.org/books/OL5885465M/The_fate_of_Admiral_Kolchak.,//covers.openlibrary.org/b/id/9302752-M.jpg
The Physical sciences in the twentieth century,byOwen Gingerich,https://openlibrary.org/books/OL17727859M/The_Physical_sciences_in_the_twentieth_century,//covers.openlibrary.org/b/id/9660699-M.jpg
The Cultural drama: modern identities and social ferment.,byOwen Gingerich,https://openlibrary.org/books/OL5045918M/The_Cultural_drama,//covers.openlibrary.org/b/id/10042152-M.jpg
The great Copernicus chase and other adventures in astronomical history,byOwen Gingerich,https://openlibrary.org/books/OL1863989M/The_great_Copernicus_chase_and_other_adventures_in_astronomical_history,//covers.openlibrary.org/b/id/333517-M.jpg
The Wittich connection: conflict and priority in late sixteenth-century cosmology,byOwen Gingerich,https://openlibrary.org/books/OL2069841M/The_Wittich_connection,//covers.openlibrary.org/b/id/1619205-M.jpg
The Pasquier chronicles,byGeorges Duhamel,https://openlibrary.org/books/OL6375759M/The_Pasquier_chronicles,//covers.openlibrary.org/b/id/10594130-M.jpg
Papa Pasquier,byGeorges Duhamel,https://openlibrary.org/books/OL6310553M/Papa_Pasquier,//covers.openlibrary.org/b/id/11692175-M.jpg
Flaubert and Madame Bovary: a double portrait.,byFrancis Steegmuller,https://openlibrary.org/books/OL6055368M/Flaubert_and_Madame_Bovary,//covers.openlibrary.org/b/id/9437710-M.jpg
Selected letters,byGustave FlaubertandFrancis Steegmuller,https://openlibrary.org/books/OL6134130M/Selected_letters,//covers.openlibrary.org/b/id/6764287-M.jpg
"Apollinaire, poet among the painters.",byFrancis Steegmuller,https://openlibrary.org/books/OL5884956M/Apollinaire_poet_among_the_painters.,//covers.openlibrary.org/b/id/7135041-M.jpg
The Grand Mademoiselle.,byFrancis Steegmuller,https://openlibrary.org/books/OL6179082M/The_Grand_Mademoiselle.,//covers.openlibrary.org/b/id/9293665-M.jpg
"Maupassant, a lion in the path.",byFrancis Steegmuller,https://openlibrary.org/books/OL6050692M/Maupassant_a_lion_in_the_path.,//covers.openlibrary.org/b/id/6537385-M.jpg
Silence at Salerno: a comedy of intrigue,byFrancis Steegmuller,https://openlibrary.org/books/OL4549518M/Silence_at_Salerno,//covers.openlibrary.org/b/id/4416150-M.jpg
Stories and true stories,byFrancis Steegmuller,https://openlibrary.org/books/OL26251458M/Stories_and_true_stories,//covers.openlibrary.org/b/id/7918668-M.jpg
Miracle on Sinai: a satirical novel,byOsbert Sitwell,https://openlibrary.org/books/OL6300417M/Miracle_on_Sinai,//covers.openlibrary.org/b/id/9696948-M.jpg
Argonaut and juggernaut.,byOsbert Sitwell,https://openlibrary.org/books/OL7173850M/Argonaut_and_juggernaut.,//covers.openlibrary.org/b/id/5654461-M.jpg
"Death of a god, and other stories.",byOsbert Sitwell,https://openlibrary.org/books/OL6080200M/Death_of_a_god_and_other_stories.,//covers.openlibrary.org/b/id/9941930-M.jpg
Trio; dissertations on some aspects of national genius,byOsbert Sitwell,https://openlibrary.org/books/OL4760918M/Trio_dissertations_on_some_aspects_of_national_genius,//covers.openlibrary.org/b/id/8278013-M.jpg
Rat Week an Essay On the Abdication,byOsbert Sitwell,https://openlibrary.org/books/OL10530607M/Rat_Week_an_Essay_On_the_Abdication,//covers.openlibrary.org/b/id/10994200-M.jpg
Noble essences: a book of characters,byOsbert Sitwell,https://openlibrary.org/books/OL26552774M/Noble_essences,//covers.openlibrary.org/b/id/10052999-M.jpg
The dresser,byRonald Harwood,https://openlibrary.org/books/OL4267253M/The_dresser,//covers.openlibrary.org/b/id/9789390-M.jpg
Dear Alec: Guinness at 75,byRonald Harwood,https://openlibrary.org/books/OL22277277M/Dear_Alec,//covers.openlibrary.org/b/id/10983787-M.jpg
